<?xml version="1.0" encoding="UTF-8"?>
<configuration debug="false">
    <contextName>epay-batch</contextName>
    <property name="LOG_HOME" value="logs" />
    <!-- 控制台输出 -->
    <appender name="stdout" class="ch.qos.logback.core.ConsoleAppender">
        <encoder class="ch.qos.logback.classic.encoder.PatternLayoutEncoder">
            <pattern>%d{yyyy-MM-dd HH:mm:ss.SSS} [%thread] %-5level %logger{50} - %msg%n</pattern>
        </encoder>
    </appender>
    <!-- 时间滚动输出 level为 ERROR 日志 -->
    <appender name="file-error" class="ch.qos.logback.core.rolling.RollingFileAppender">
        <filter class="ch.qos.logback.classic.filter.LevelFilter">
            <level>ERROR</level>
            <onMatch>ACCEPT</onMatch>
            <onMismatch>DENY</onMismatch>
        </filter>
        <rollingPolicy class="ch.qos.logback.core.rolling.TimeBasedRollingPolicy">
            <FileNamePattern>${LOG_HOME}/%d{yyyy-MM-dd}/ats-error.log</FileNamePattern>
            <MaxHistory>30</MaxHistory>
        </rollingPolicy>
        <encoder>
            <pattern>%d{yyyy-MM-dd HH:mm:ss.SSS} [%thread] %-5level %logger{50} - %msg%n</pattern>
        </encoder>
    </appender>

    <!-- 时间滚动输出 level为 INFO 日志 -->
    <appender name="file-info" class="ch.qos.logback.core.rolling.RollingFileAppender">
        <filter class="ch.qos.logback.classic.filter.LevelFilter">
            <level>INFO</level>
            <onMatch>ACCEPT</onMatch>
            <onMismatch>DENY</onMismatch>
        </filter>
        <rollingPolicy class="ch.qos.logback.core.rolling.TimeBasedRollingPolicy">
            <FileNamePattern>${LOG_HOME}/%d{yyyy-MM-dd}/ats-info.log</FileNamePattern>
            <MaxHistory>30</MaxHistory>
        </rollingPolicy>
        <encoder>
            <pattern>%d{yyyy-MM-dd HH:mm:ss.SSS} [%thread] %-5level %logger{50} - %msg%n</pattern>
        </encoder>
    </appender>

    <!-- 时间滚动输出 level为 DEBUG 日志 -->
    <appender name="file-debug" class="ch.qos.logback.core.rolling.RollingFileAppender">
        <filter class="ch.qos.logback.classic.filter.LevelFilter">
            <level>DEBUG</level>
            <onMatch>ACCEPT</onMatch>
            <onMismatch>DENY</onMismatch>
        </filter>
        <rollingPolicy class="ch.qos.logback.core.rolling.TimeBasedRollingPolicy">
            <FileNamePattern>${LOG_HOME}/%d{yyyy-MM-dd}/ats-debug.log</FileNamePattern>
            <MaxHistory>30</MaxHistory>
        </rollingPolicy>
        <encoder>
            <pattern>%d{yyyy-MM-dd HH:mm:ss.SSS} [%thread] %-5level %logger{50} - %msg%n</pattern>
        </encoder>
    </appender>

    <logger name="java.sql.Connection" level="DEBUG" />
    <logger name="java.sql.Statement" level="DEBUG" />
    <logger name="java.sql.PreparedStatement" level="DEBUG" />
    <logger name="org.hibernate" level="WARN"/>
    <logger name="org.springframework" level="WARN"/>
    <logger name="org.eclipse.jetty" level="WARN"/>
    <logger name="com.netflix" level="ERROR"/>
    <logger name="com.df.ats" level="DEBUG"/>

    <appender name="mybatis-output" class="ch.qos.logback.core.rolling.RollingFileAppender">
        <rollingPolicy class="ch.qos.logback.core.rolling.TimeBasedRollingPolicy">
            <FileNamePattern>${LOG_HOME}/%d{yyyy-MM-dd}/ats-mybatis.log</FileNamePattern>
            <MaxHistory>3</MaxHistory>
        </rollingPolicy>
        <encoder>
            <pattern>%d{yyyy-MM-dd HH:mm:ss.SSS} [%thread] %-5level %logger{50} - %msg%n</pattern>
        </encoder>
    </appender>
    <logger name="com.epay.batch.mapper">
        <level value="debug"/>
        <appender-ref ref="mybatis-output" />
    </logger>
    
    <root level="DEBUG">
        <appender-ref ref="stdout" />
        <appender-ref ref="file-error" />
        <appender-ref ref="file-info" />
        <appender-ref ref="file-debug" />
    </root>

</configuration>